Date,FAX Adj Close,SYN Adj Close
2013-04-05,7.74,1.59
2013-04-04,7.74,1.62
2013-04-03,7.74,1.63
2013-04-02,7.72,1.66
2013-04-01,7.66,1.66
2013-03-28,7.78,1.70
2013-03-27,7.63,1.75
2013-03-26,7.64,1.77
2013-03-25,7.58,1.88
2013-03-22,7.58,1.84
2013-03-21,7.56,1.83
2013-03-20,7.54,1.86
2013-03-19,7.55,1.85
2013-03-18,7.49,1.88
2013-03-15,7.52,1.80
2013-03-14,7.69,1.91
2013-03-13,7.70,1.84
2013-03-12,7.67,1.94
2013-03-11,7.71,1.85
2013-03-08,7.74,1.86
2013-03-07,7.72,1.88
2013-03-06,7.72,1.79
2013-03-05,7.72,1.74
2013-03-04,7.72,1.70
2013-03-01,7.74,1.67
2013-02-28,7.76,1.72
2013-02-27,7.74,1.67
2013-02-26,7.71,1.66
2013-02-25,7.72,1.69
2013-02-22,7.74,1.69
2013-02-21,7.72,1.65
2013-02-20,7.74,1.72
2013-02-19,7.72,1.78
2013-02-15,7.74,1.80
2013-02-14,7.71,1.80
2013-02-13,7.71,1.84
2013-02-12,7.70,1.91
2013-02-11,7.71,1.93
2013-02-08,7.70,2.00
2013-02-07,7.72,1.95
2013-02-06,7.74,1.86
2013-02-05,7.76,1.77
2013-02-04,7.78,1.82
2013-02-01,7.82,1.88
2013-01-31,7.79,1.78
2013-01-30,7.82,1.85
2013-01-29,7.83,1.90
2013-01-28,7.86,1.90
2013-01-25,7.84,1.84
2013-01-24,7.83,1.97
2013-01-23,7.84,1.73
2013-01-22,7.84,1.77
2013-01-18,7.83,1.82
2013-01-17,7.83,1.85
2013-01-16,7.81,1.85
2013-01-15,7.79,1.88
2013-01-14,7.82,1.87
2013-01-11,7.83,1.91
2013-01-10,7.82,1.90
2013-01-09,7.83,1.97
2013-01-08,7.84,1.84
2013-01-07,7.79,1.74
2013-01-04,7.79,1.70
2013-01-03,7.76,1.71
2013-01-02,7.76,1.78
2012-12-31,7.64,1.76
2012-12-28,7.64,1.63
2012-12-27,7.67,1.68
2012-12-26,7.66,1.69
2012-12-24,7.71,1.84
2012-12-21,7.73,1.85
2012-12-20,7.70,1.60
2012-12-19,7.73,1.70
2012-12-18,7.69,1.75
2012-12-17,7.70,1.67
2012-12-14,7.74,1.80
2012-12-13,7.74,1.73
2012-12-12,7.74,1.63
2012-12-11,7.75,1.60
2012-12-10,7.76,1.67
2012-12-07,7.77,1.71
2012-12-06,7.76,1.79
2012-12-05,7.78,1.86
2012-12-04,7.66,1.88
2012-12-03,7.73,1.94
2012-11-30,7.76,2.00
2012-11-29,7.75,1.86
2012-11-28,7.78,1.87
2012-11-27,7.74,1.92
2012-11-26,7.72,2.00
2012-11-23,7.75,2.05
2012-11-21,7.71,1.94
2012-11-20,7.66,1.92
2012-11-19,7.63,1.97
2012-11-16,7.49,2.00
2012-11-15,7.18,2.12
2012-11-14,7.62,2.09
2012-11-13,7.77,2.20
2012-11-12,7.76,2.29
2012-11-09,7.76,2.28
2012-11-08,7.72,2.30
2012-11-07,7.70,2.35
2012-11-06,7.71,2.32
2012-11-05,7.70,2.30
2012-11-02,7.71,2.30
2012-11-01,7.75,2.34
2012-10-31,7.72,2.43
2012-10-26,7.74,2.33
2012-10-25,7.75,2.30
2012-10-24,7.73,2.34
2012-10-23,7.74,2.28
2012-10-22,7.74,2.35
2012-10-19,7.78,2.20
2012-10-18,7.79,2.25
2012-10-17,7.77,2.17
2012-10-16,7.75,2.15
2012-10-15,7.75,2.23
2012-10-12,7.74,2.22
2012-10-11,7.74,2.13
2012-10-10,7.71,2.05
2012-10-09,7.69,2.15
2012-10-08,7.67,2.21
2012-10-05,7.68,2.20
2012-10-04,7.72,2.34
2012-10-03,7.66,2.07
2012-10-02,7.70,2.11
2012-10-01,7.67,2.08
2012-09-28,7.61,2.08
2012-09-27,7.64,2.07
2012-09-26,7.62,2.10
2012-09-25,7.65,2.03
2012-09-24,7.66,2.06
2012-09-21,7.68,2.18
2012-09-20,7.65,2.02
2012-09-19,7.69,2.07
2012-09-18,7.64,1.99
2012-09-17,7.66,1.99
2012-09-14,7.64,1.99
2012-09-13,7.55,2.03
2012-09-12,7.53,2.05
2012-09-11,7.53,2.08
2012-09-10,7.54,2.12
2012-09-07,7.54,2.15
2012-09-06,7.56,2.04
2012-09-05,7.61,2.05
2012-09-04,7.66,2.02
2012-08-31,7.70,2.01
2012-08-30,7.68,2.02
2012-08-29,7.71,2.00
2012-08-28,7.70,1.97
2012-08-27,7.70,1.96
2012-08-24,7.70,1.95
2012-08-23,7.63,1.96
2012-08-22,7.69,2.00
2012-08-21,7.70,2.02
2012-08-20,7.69,2.03
2012-08-17,7.71,2.03
2012-08-16,7.70,2.02
2012-08-15,7.70,2.04
2012-08-14,7.67,2.00
2012-08-13,7.60,2.00
2012-08-10,7.65,2.07
2012-08-09,7.67,2.05
2012-08-08,7.73,2.03
2012-08-07,7.68,2.00
2012-08-06,7.69,1.96
2012-08-03,7.69,2.07
2012-08-02,7.70,2.15
2012-08-01,7.68,2.27
2012-07-31,7.67,2.23
2012-07-30,7.64,2.29
2012-07-27,7.68,2.37
2012-07-26,7.67,2.25
2012-07-25,7.60,2.26
2012-07-24,7.55,2.35
2012-07-23,7.56,2.31
2012-07-20,7.50,2.25
2012-07-19,7.50,2.25
2012-07-18,7.49,2.31
2012-07-17,7.48,2.32
2012-07-16,7.48,2.35
2012-07-13,7.44,2.41
2012-07-12,7.40,2.20
2012-07-11,7.47,2.01
2012-07-10,7.42,1.98
2012-07-09,7.48,1.85
2012-07-06,7.44,1.80
2012-07-05,7.47,1.82
2012-07-03,7.48,1.88
2012-07-02,7.42,1.92
2012-06-29,7.37,1.98
2012-06-28,7.38,1.84
2012-06-27,7.37,2.00
2012-06-26,7.33,1.95
2012-06-25,7.23,1.99
2012-06-22,7.21,2.00
2012-06-21,7.23,1.82
2012-06-20,7.32,1.89
2012-06-19,7.31,1.92
2012-06-18,7.30,2.00
2012-06-15,7.22,2.00
2012-06-14,7.18,2.00
2012-06-13,7.20,1.95
2012-06-12,7.20,1.97
2012-06-11,7.13,2.08
2012-06-08,7.17,2.05
2012-06-07,7.13,1.84
2012-06-06,7.09,1.80
2012-06-05,7.00,1.87
2012-06-04,6.95,1.84
2012-06-01,7.06,1.89
2012-05-31,7.05,1.88
2012-05-30,7.06,1.81
2012-05-29,7.09,1.78
2012-05-25,7.07,1.76
2012-05-24,7.09,1.80
2012-05-23,7.12,1.64
2012-05-22,7.09,1.67
2012-05-21,7.06,1.66
2012-05-18,7.07,1.64
2012-05-17,7.07,1.63
2012-05-16,7.07,1.60
2012-05-15,7.07,1.65
2012-05-14,7.09,1.62
2012-05-11,7.19,1.65
2012-05-10,7.18,1.70
2012-05-09,7.13,1.69
2012-05-08,7.16,1.75
2012-05-07,7.15,1.75
2012-05-04,7.08,1.74
2012-05-03,7.22,1.65
2012-05-02,7.28,1.69
2012-05-01,7.24,1.68
2012-04-30,7.23,1.77
2012-04-27,7.28,1.77
2012-04-26,7.17,1.89
2012-04-25,7.27,1.71
2012-04-24,7.18,1.53
2012-04-23,7.16,1.51
2012-04-20,7.16,1.57
2012-04-19,7.13,1.59
2012-04-18,7.12,1.72
2012-04-17,7.03,1.76
2012-04-16,6.99,1.71
2012-04-13,6.97,1.94
2012-04-12,6.95,1.89
2012-04-11,6.91,1.95
2012-04-10,6.89,2.00
2012-04-09,6.93,2.05
2012-04-05,6.90,2.14
2012-04-04,6.90,2.14
2012-04-03,6.94,2.22
2012-04-02,7.04,2.25
2012-03-30,6.94,2.20
2012-03-29,6.97,2.29
2012-03-28,6.96,2.16
2012-03-27,6.97,2.30
2012-03-26,6.92,2.28
2012-03-23,6.88,2.32
2012-03-22,7.03,2.19
2012-03-21,7.15,2.25
2012-03-20,7.16,2.32
2012-03-19,7.24,2.20
2012-03-16,7.23,2.34
2012-03-15,7.18,2.20
2012-03-14,7.12,2.25
2012-03-13,7.20,2.26
2012-03-12,7.15,2.28
2012-03-09,7.20,2.18
2012-03-08,7.24,2.17
2012-03-07,7.18,2.16
2012-03-06,7.06,2.14
2012-03-05,7.24,2.11
2012-03-02,7.27,2.10
2012-03-01,7.24,2.19
2012-02-29,7.18,2.19
2012-02-28,7.24,2.03
2012-02-27,7.23,2.24
2012-02-24,7.17,2.32
2012-02-23,7.11,2.34
2012-02-22,7.11,2.36
2012-02-21,7.09,2.55
2012-02-17,7.14,2.80
2012-02-16,7.09,2.74
2012-02-15,7.13,2.53
2012-02-14,7.12,2.40
2012-02-13,7.08,2.61
2012-02-10,7.10,2.71
2012-02-09,7.16,2.69
2012-02-08,7.11,2.53
2012-02-07,7.16,2.41
2012-02-06,7.20,2.47
2012-02-03,7.17,2.30
2012-02-02,7.19,2.17
2012-02-01,7.18,2.15
2012-01-31,7.12,2.09
2012-01-30,7.08,2.16
2012-01-27,7.22,2.10
2012-01-26,7.17,1.75
2012-01-25,7.08,2.20
2012-01-24,7.00,2.25
2012-01-23,7.05,2.27
2012-01-20,7.08,2.18
2012-01-19,7.04,1.98
2012-01-18,6.99,1.93
2012-01-17,7.02,1.89
2012-01-13,6.99,1.84
2012-01-12,6.95,1.85
2012-01-11,6.91,1.74
2012-01-10,6.96,1.64
2012-01-09,6.96,1.64
2012-01-06,6.98,1.64
2012-01-05,6.94,1.57
2012-01-04,6.91,1.36
2012-01-03,6.89,1.27
2011-12-30,6.88,1.26
2011-12-29,6.92,1.26
2011-12-28,6.83,1.27
2011-12-27,6.93,1.37
2011-12-23,6.81,1.35
2011-12-22,6.74,1.25
2011-12-21,6.71,1.23
2011-12-20,6.67,1.19
2011-12-19,6.65,1.14
2011-12-16,6.60,1.29
2011-12-15,6.56,1.17
2011-12-14,6.49,1.18
2011-12-13,6.49,1.40
2011-12-12,6.54,1.42
2011-12-09,6.66,1.42
2011-12-08,6.62,1.26
2011-12-07,6.68,1.12
2011-12-06,6.60,1.11
2011-12-05,6.56,1.17
2011-12-02,6.48,1.19
2011-12-01,6.49,0.98
2011-11-30,6.53,0.96
2011-11-29,6.38,0.83
2011-11-28,6.29,0.77
2011-11-25,6.27,0.92
2011-11-23,6.29,0.95
2011-11-22,6.44,0.91
2011-11-21,6.40,0.76
2011-11-18,6.50,0.54
2011-11-17,6.46,0.49
2011-11-16,6.54,0.54
2011-11-15,6.62,0.53
2011-11-14,6.55,0.51
2011-11-11,6.53,0.53
2011-11-10,6.49,0.55
2011-11-09,6.46,0.55
2011-11-08,6.58,0.57
2011-11-07,6.51,0.56
2011-11-04,6.47,0.58
2011-11-03,6.48,0.57
2011-11-02,6.47,0.58
2011-11-01,6.40,0.58
2011-10-31,6.44,0.60
2011-10-28,6.61,0.57
2011-10-27,6.64,0.60
2011-10-26,6.61,0.59
2011-10-25,6.63,0.56
2011-10-24,6.61,0.60
2011-10-21,6.55,0.60
2011-10-20,6.48,0.61
2011-10-19,6.45,0.63
2011-10-18,6.46,0.60
2011-10-17,6.46,0.58
2011-10-14,6.47,0.63
2011-10-13,6.42,0.66
2011-10-12,6.35,0.67
2011-10-11,6.32,0.64
2011-10-10,6.24,0.58
2011-10-07,6.11,0.50
2011-10-06,6.08,0.50
2011-10-05,6.00,0.48
2011-10-04,5.81,0.47
2011-10-03,5.92,0.50
2011-09-30,6.37,0.59
2011-09-29,6.19,0.59
2011-09-28,6.36,0.60
2011-09-27,6.53,0.59
2011-09-26,6.50,0.57
2011-09-23,6.56,0.61
2011-09-22,6.59,0.60
2011-09-21,6.79,0.63
2011-09-20,6.85,0.65
2011-09-19,6.88,0.64
2011-09-16,6.83,0.63
2011-09-15,6.77,0.66
2011-09-14,6.78,0.63
2011-09-13,6.81,0.64
2011-09-12,6.84,0.67
2011-09-09,6.89,0.68
2011-09-08,6.84,0.68
2011-09-07,6.89,0.67
2011-09-06,6.84,0.63
2011-09-02,6.93,0.67
2011-09-01,6.96,0.69
2011-08-31,7.02,0.69
2011-08-30,6.97,0.70
2011-08-29,7.03,0.70
2011-08-26,6.96,0.70
2011-08-25,6.89,0.71
2011-08-24,6.87,0.71
2011-08-23,6.88,0.71
2011-08-22,6.73,0.68
2011-08-19,6.79,0.69
2011-08-18,6.84,0.70
2011-08-17,6.92,0.73
2011-08-16,6.90,0.77
2011-08-15,7.05,0.81
2011-08-12,6.93,0.83
2011-08-11,6.77,0.79
2011-08-10,6.77,0.75
2011-08-09,6.68,0.78
2011-08-08,6.33,0.70
2011-08-05,6.63,0.76
2011-08-04,6.68,0.78
2011-08-03,7.09,0.83
2011-08-02,7.04,0.79
2011-08-01,7.08,0.83
2011-07-29,6.99,0.82
2011-07-28,7.10,0.84
2011-07-27,7.03,0.82
2011-07-26,7.09,0.82
2011-07-25,7.03,0.82
2011-07-22,7.10,0.82
2011-07-21,7.09,0.85
2011-07-20,7.01,0.85
2011-07-19,7.03,0.87
2011-07-18,6.92,0.86
2011-07-15,6.93,0.88
2011-07-14,6.81,0.88
2011-07-13,6.84,0.91
2011-07-12,6.76,0.89
2011-07-11,6.71,0.87
2011-07-08,6.79,0.90
2011-07-07,6.81,0.88
2011-07-06,6.70,0.86
2011-07-05,6.69,0.88
2011-07-01,6.66,0.87
2011-06-30,6.68,0.86
2011-06-29,6.69,0.90
2011-06-28,6.64,0.84
2011-06-27,6.62,0.82
2011-06-24,6.56,0.84
2011-06-23,6.55,0.82
2011-06-22,6.51,0.83
2011-06-21,6.53,0.85
2011-06-20,6.53,0.84
2011-06-17,6.53,0.85
2011-06-16,6.49,0.86
2011-06-15,6.38,0.85
2011-06-14,6.50,0.87
2011-06-13,6.51,0.85
2011-06-10,6.51,0.90
2011-06-09,6.57,0.90
2011-06-08,6.50,0.93
2011-06-07,6.50,0.99
2011-06-06,6.50,0.95
2011-06-03,6.64,0.85
2011-06-02,6.59,0.93
2011-06-01,6.51,0.80
2011-05-31,6.60,0.83
2011-05-27,6.55,0.82
2011-05-26,6.50,0.84
2011-05-25,6.57,0.87
2011-05-24,6.49,0.88
2011-05-23,6.42,0.91
2011-05-20,6.45,0.91
2011-05-19,6.46,0.94
2011-05-18,6.44,0.88
2011-05-17,6.48,0.86
2011-05-16,6.49,0.86
2011-05-13,6.46,0.88
2011-05-12,6.48,0.88
2011-05-11,6.53,0.90
2011-05-10,6.59,0.96
2011-05-09,6.49,0.98
2011-05-06,6.42,0.99
2011-05-05,6.30,0.96
2011-05-04,6.46,1.00
2011-05-03,6.55,1.01
2011-05-02,6.59,0.96
2011-04-29,6.63,1.02
2011-04-28,6.56,1.05
2011-04-27,6.50,1.02
2011-04-26,6.48,1.05
2011-04-25,6.44,1.09
2011-04-21,6.42,1.05
2011-04-20,6.39,1.13
2011-04-19,6.35,1.12
2011-04-18,6.31,1.11
2011-04-15,6.30,1.22
2011-04-14,6.30,1.73
2011-04-13,6.27,1.74
2011-04-12,6.22,1.77
2011-04-11,6.24,1.87
2011-04-08,6.27,1.79
2011-04-07,6.24,1.94
2011-04-06,6.27,2.08
2011-04-05,6.27,2.01
2011-04-04,6.27,2.13
2011-04-01,6.26,1.86
2011-03-31,6.23,1.74
2011-03-30,6.23,1.73
2011-03-29,6.23,1.76
2011-03-28,6.21,1.84
2011-03-25,6.17,1.80
2011-03-24,6.15,1.78
2011-03-23,6.14,1.54
2011-03-22,6.07,1.75
2011-03-21,6.08,1.47
2011-03-18,6.01,1.26
2011-03-17,5.94,1.32
2011-03-16,5.90,1.20
2011-03-15,6.01,1.17
2011-03-14,6.03,1.21
2011-03-11,6.08,1.21
2011-03-10,6.03,1.17
2011-03-09,6.06,1.13
2011-03-08,6.04,1.16
2011-03-07,6.06,1.14
2011-03-04,6.04,1.17
2011-03-03,6.02,1.21
2011-03-02,6.06,1.10
2011-03-01,6.03,1.04
2011-02-28,6.07,1.16
2011-02-25,6.00,1.25
2011-02-24,5.98,1.24
2011-02-23,5.93,1.25
2011-02-22,5.94,1.25
2011-02-18,6.07,1.33
2011-02-17,6.06,1.39
2011-02-16,6.02,1.30
2011-02-15,6.00,1.27
2011-02-14,6.03,1.24
2011-02-11,6.00,1.31
2011-02-10,5.99,1.40
2011-02-09,6.00,1.39
2011-02-08,6.01,1.40
2011-02-07,6.00,1.38
2011-02-04,6.01,1.36
2011-02-03,5.97,1.38
2011-02-02,5.98,1.39
2011-02-01,5.98,1.42
2011-01-31,5.93,1.49
2011-01-28,5.90,1.45
2011-01-27,5.94,1.79
2011-01-26,5.94,1.75
2011-01-25,5.91,1.44
2011-01-24,5.87,1.48
2011-01-21,5.83,1.48
2011-01-20,5.87,1.42
2011-01-19,5.87,1.45
2011-01-18,5.87,1.35
2011-01-14,5.87,1.42
2011-01-13,5.88,1.54
2011-01-12,5.87,1.56
2011-01-11,5.86,1.58
2011-01-10,5.88,1.55
2011-01-07,5.87,1.58
2011-01-06,5.88,1.59
2011-01-05,5.89,1.50
2011-01-04,5.95,1.85
2011-01-03,6.01,1.35
2010-12-31,5.97,1.25
2010-12-30,5.93,1.14
2010-12-29,5.93,1.30
2010-12-28,5.90,1.37
2010-12-27,5.91,0.93
2010-12-23,5.90,0.94
2010-12-22,5.88,0.97
2010-12-21,5.87,0.94
2010-12-20,5.80,0.85
2010-12-17,5.88,0.77
2010-12-16,5.84,0.83
2010-12-15,5.81,0.80
2010-12-14,5.77,0.83
2010-12-13,5.82,0.85
2010-12-10,5.94,0.71
2010-12-09,5.85,0.72
2010-12-08,5.97,0.72
2010-12-07,5.99,0.71
2010-12-06,6.05,0.73
2010-12-03,6.07,0.74
2010-12-02,6.05,0.74
2010-12-01,6.10,0.74
2010-11-30,6.06,0.75
2010-11-29,6.05,0.76
2010-11-26,6.06,0.71
2010-11-24,6.08,0.74
2010-11-23,6.01,0.75
2010-11-22,6.04,0.79
2010-11-19,6.06,0.79
2010-11-18,5.99,0.81
2010-11-17,6.02,0.76
2010-11-16,5.85,0.76
2010-11-15,6.02,0.81
2010-11-12,6.01,0.80
2010-11-11,6.14,0.80
2010-11-10,6.24,0.75
2010-11-09,6.21,0.74
2010-11-08,6.23,0.77
2010-11-05,6.22,0.75
2010-11-04,6.16,0.71
2010-11-03,6.13,0.73
2010-11-02,6.13,0.72
2010-11-01,6.09,0.77
2010-10-29,6.04,0.80
2010-10-28,6.09,0.80
2010-10-27,6.03,0.78
2010-10-26,6.07,0.82
2010-10-25,6.05,0.76
2010-10-22,6.04,0.75
2010-10-21,6.04,0.74
2010-10-20,6.04,0.75
2010-10-19,6.00,0.74
2010-10-18,6.05,0.75
2010-10-15,6.17,0.74
2010-10-14,6.13,0.75
2010-10-13,6.10,0.75
2010-10-12,6.11,0.76
2010-10-11,6.10,0.76
2010-10-08,6.10,0.78
2010-10-07,6.08,0.78
2010-10-06,6.06,0.81
2010-10-05,6.04,0.77
2010-10-04,6.03,0.78
2010-10-01,6.08,0.80
2010-09-30,6.06,0.78
2010-09-29,6.06,0.79
2010-09-28,6.05,0.79
2010-09-27,6.06,0.80
2010-09-24,6.04,0.81
2010-09-23,6.00,0.81
2010-09-22,5.93,0.85
2010-09-21,5.89,0.83
2010-09-20,5.91,0.83
2010-09-17,5.96,0.81
2010-09-16,5.97,0.84
2010-09-15,5.97,0.82
2010-09-14,5.96,0.80
2010-09-13,5.96,0.83
2010-09-10,5.88,0.83
2010-09-09,5.85,0.82
2010-09-08,5.83,0.81
2010-09-07,5.83,0.82
2010-09-03,5.85,0.83
2010-09-02,5.76,0.81
2010-09-01,5.80,0.85
2010-08-31,5.74,0.87
2010-08-30,5.76,0.82
2010-08-27,5.81,0.85
2010-08-26,5.77,0.88
2010-08-25,5.75,0.90
2010-08-24,5.78,0.93
2010-08-23,5.79,0.94
2010-08-20,5.76,0.82
2010-08-19,5.74,0.84
2010-08-18,5.79,0.85
2010-08-17,5.74,0.85
2010-08-16,5.75,0.84
2010-08-13,5.76,0.83
2010-08-12,5.78,0.83
2010-08-11,5.77,0.85
2010-08-10,5.80,0.90
2010-08-09,5.71,0.89
2010-08-06,5.68,0.90
2010-08-05,5.67,0.88
2010-08-04,5.67,0.88
2010-08-03,5.64,0.91
2010-08-02,5.61,0.93
2010-07-30,5.55,0.91
2010-07-29,5.54,0.92
2010-07-28,5.54,0.95
2010-07-27,5.55,0.94
2010-07-26,5.56,0.93
2010-07-23,5.55,0.95
2010-07-22,5.54,0.93
2010-07-21,5.49,0.90
2010-07-20,5.55,0.93
2010-07-19,5.51,0.90
2010-07-16,5.46,0.97
2010-07-15,5.43,0.98
2010-07-14,5.40,0.98
2010-07-13,5.48,1.02
2010-07-12,5.40,1.00
2010-07-09,5.36,1.02
2010-07-08,5.41,1.02
2010-07-07,5.36,1.05
2010-07-06,5.26,1.08
2010-07-02,5.24,1.08
2010-07-01,5.27,1.14
2010-06-30,5.19,1.10
2010-06-29,5.17,1.12
2010-06-28,5.31,1.19
2010-06-25,5.33,1.24
2010-06-24,5.26,1.22
2010-06-23,5.35,1.22
2010-06-22,5.30,1.13
2010-06-21,5.30,1.20
2010-06-18,5.30,1.31
2010-06-17,5.26,1.30
2010-06-16,5.33,1.38
2010-06-15,5.30,1.05
2010-06-14,5.21,1.05
2010-06-11,5.23,1.14
2010-06-10,5.19,1.14
2010-06-09,5.08,1.12
2010-06-08,5.13,1.13
2010-06-07,5.07,1.16
2010-06-04,5.15,1.22
2010-06-03,5.19,1.27
2010-06-02,5.21,1.22
2010-06-01,5.06,1.26
2010-05-28,5.20,1.27
2010-05-27,5.17,1.28
2010-05-26,5.03,1.21
2010-05-25,5.05,1.22
2010-05-24,5.08,1.32
2010-05-21,5.06,1.22
2010-05-20,4.88,1.15
2010-05-19,5.13,1.40
2010-05-18,5.19,1.43
2010-05-17,5.25,1.57
2010-05-14,5.33,1.61
2010-05-13,5.45,1.60
2010-05-12,5.47,1.60
2010-05-11,5.38,1.60
2010-05-10,5.43,1.63
2010-05-07,5.26,1.65
2010-05-06,5.08,1.65
2010-05-05,5.42,1.68
2010-05-04,5.59,1.62
2010-05-03,5.75,1.73
2010-04-30,5.79,1.62
2010-04-29,5.80,1.67
2010-04-28,5.75,1.66
2010-04-27,5.69,1.75
2010-04-26,5.78,1.78
2010-04-23,5.74,1.81
2010-04-22,5.66,1.88
2010-04-21,5.65,1.89
2010-04-20,5.73,1.95
2010-04-19,5.68,1.91
2010-04-16,5.62,1.75
2010-04-15,5.65,1.81
2010-04-14,5.63,1.89
2010-04-13,5.61,1.52
2010-04-12,5.58,1.63
2010-04-09,5.57,1.61
2010-04-08,5.58,1.53
2010-04-07,5.52,1.48
2010-04-06,5.55,1.55
2010-04-05,5.53,1.49
2010-04-01,5.52,1.51
2010-03-31,5.50,1.93
2010-03-30,5.52,2.33
2010-03-29,5.52,1.90
2010-03-26,5.48,1.56
2010-03-25,5.46,1.29
2010-03-24,5.46,1.15
2010-03-23,5.54,1.16
2010-03-22,5.52,1.15
2010-03-19,5.51,1.17
2010-03-18,5.54,1.11
2010-03-17,5.53,1.10
2010-03-16,5.54,1.11
2010-03-15,5.46,1.03
2010-03-12,5.46,1.08
2010-03-11,5.45,1.10
2010-03-10,5.50,1.14
2010-03-09,5.49,1.01
2010-03-08,5.43,0.89
2010-03-05,5.43,0.88
2010-03-04,5.42,0.91
2010-03-03,5.39,0.87
2010-03-02,5.36,0.80
2010-03-01,5.35,0.83
2010-02-26,5.39,0.91
2010-02-25,5.34,0.88
2010-02-24,5.32,0.93
2010-02-23,5.29,1.01
2010-02-22,5.31,1.01
2010-02-19,5.31,1.01
2010-02-18,5.31,0.99
2010-02-17,5.32,1.02
2010-02-16,5.36,1.05
2010-02-12,5.25,0.75
2010-02-11,5.20,0.74
2010-02-10,5.15,0.75
2010-02-09,5.22,0.79
2010-02-08,5.01,0.79
2010-02-05,5.05,0.82
2010-02-04,5.16,0.84
2010-02-03,5.27,0.82
2010-02-02,5.30,0.88
2010-02-01,5.24,0.88
2010-01-29,5.26,0.89
2010-01-28,5.36,0.89
2010-01-27,5.42,0.88
2010-01-26,5.37,0.93
2010-01-25,5.36,0.98
2010-01-22,5.32,1.01
2010-01-21,5.36,1.05
2010-01-20,5.45,1.04
2010-01-19,5.49,1.10
2010-01-15,5.42,1.10
2010-01-14,5.39,1.13
2010-01-13,5.39,1.28
2010-01-12,5.33,1.19
2010-01-11,5.39,1.30
2010-01-08,5.37,1.30
2010-01-07,5.35,1.06
2010-01-06,5.33,0.91
2010-01-05,5.30,0.85
2010-01-04,5.24,0.70
2009-12-31,5.16,0.56
2009-12-30,5.17,0.54
2009-12-29,5.22,0.55
2009-12-28,5.18,0.55
2009-12-24,5.17,0.54
2009-12-23,5.13,0.56
2009-12-22,5.14,0.53
2009-12-21,5.10,0.55
2009-12-18,5.08,0.56
2009-12-17,5.07,0.53
2009-12-16,5.21,0.56
2009-12-15,5.27,0.60
2009-12-14,5.37,0.83
2009-12-11,5.35,0.46
2009-12-10,5.38,0.48
2009-12-09,5.37,0.45
2009-12-08,5.36,0.47
2009-12-07,5.38,0.52
2009-12-04,5.39,0.56
2009-12-03,5.43,0.56
2009-12-02,5.43,0.55
2009-12-01,5.40,0.52
2009-11-30,5.36,0.57
2009-11-27,5.32,0.58
2009-11-25,5.47,0.55
2009-11-24,5.42,0.57
2009-11-23,5.39,0.56
2009-11-20,5.34,0.55
2009-11-19,5.35,0.57
2009-11-18,5.36,0.58
2009-11-17,5.34,0.64
2009-11-16,5.29,0.69
2009-11-13,5.23,0.74
2009-11-12,5.29,0.58
2009-11-11,5.33,0.58
2009-11-10,5.36,0.58
2009-11-09,5.34,0.55
2009-11-06,5.27,0.55
2009-11-05,5.24,0.56
2009-11-04,5.18,0.58
2009-11-03,5.09,0.61
2009-11-02,5.06,0.60
2009-10-30,4.96,0.60
2009-10-29,5.15,0.54
2009-10-28,4.88,0.60
2009-10-27,5.21,0.67
2009-10-26,5.28,0.64
2009-10-23,5.35,0.69
2009-10-22,5.36,0.71
2009-10-21,5.34,0.71
2009-10-20,5.30,0.70
2009-10-19,5.27,0.72
2009-10-16,5.24,0.75
2009-10-15,5.23,0.75
2009-10-14,5.22,0.77
2009-10-13,5.28,0.79
2009-10-12,5.26,0.82
2009-10-09,5.29,0.87
2009-10-08,5.22,0.84
2009-10-07,5.18,0.79
2009-10-06,5.09,0.79
2009-10-05,5.03,0.79
2009-10-02,5.02,0.73
2009-10-01,5.04,0.73
2009-09-30,5.05,0.77
2009-09-29,5.04,0.78
2009-09-28,5.03,0.81
2009-09-25,4.98,0.84
2009-09-24,4.99,0.72
2009-09-23,5.09,0.75
2009-09-22,5.08,0.80
2009-09-21,4.99,0.80
2009-09-18,5.07,0.85
2009-09-17,5.09,0.89
2009-09-16,5.03,0.87
2009-09-15,5.00,0.87
2009-09-14,5.03,0.89
2009-09-11,4.97,0.75
2009-09-10,4.93,0.88
2009-09-09,4.85,1.08
2009-09-08,4.85,1.30
2009-09-04,4.82,0.70
2009-09-03,4.80,0.50
2009-09-02,4.76,0.34
2009-09-01,4.67,0.36
2009-08-31,4.74,0.37
2009-08-28,4.77,0.37
2009-08-27,4.80,0.37
2009-08-26,4.78,0.38
2009-08-25,4.78,0.35
2009-08-24,4.74,0.36
2009-08-21,4.76,0.37
2009-08-20,4.76,0.37
2009-08-19,4.65,0.37
2009-08-18,4.62,0.39
2009-08-17,4.52,0.39
2009-08-14,4.66,0.39
2009-08-13,4.81,0.38
2009-08-12,4.82,0.37
2009-08-11,4.80,0.38
2009-08-10,4.77,0.37
2009-08-07,4.79,0.41
2009-08-06,4.79,0.40
2009-08-05,4.70,0.39
2009-08-04,4.65,0.41
2009-08-03,4.67,0.40
2009-07-31,4.71,0.39
2009-07-30,4.72,0.39
2009-07-29,4.71,0.45
2009-07-28,4.75,0.34
2009-07-27,4.64,0.35
2009-07-24,4.68,0.34
2009-07-23,4.57,0.34
2009-07-22,4.55,0.36
2009-07-21,4.53,0.36
2009-07-20,4.52,0.36
2009-07-17,4.48,0.38
2009-07-16,4.48,0.39
2009-07-15,4.48,0.38
2009-07-14,4.44,0.38
2009-07-13,4.41,0.36
2009-07-10,4.33,0.38
2009-07-09,4.35,0.36
2009-07-08,4.34,0.37
2009-07-07,4.32,0.39
2009-07-06,4.32,0.37
2009-07-02,4.46,0.39
2009-07-01,4.48,0.39
2009-06-30,4.48,0.41
2009-06-29,4.47,0.42
2009-06-26,4.43,0.38
2009-06-25,4.40,0.41
2009-06-24,4.38,0.41
2009-06-23,4.27,0.41
2009-06-22,4.31,0.39
2009-06-19,4.38,0.42
2009-06-18,4.34,0.41
2009-06-17,4.27,0.40
2009-06-16,4.27,0.44
2009-06-15,4.42,0.48
2009-06-12,4.49,0.48
2009-06-11,4.50,0.50
2009-06-10,4.48,0.48
2009-06-09,4.46,0.40
2009-06-08,4.46,0.41
2009-06-05,4.48,0.43
2009-06-04,4.44,0.41
2009-06-03,4.30,0.42
2009-06-02,4.37,0.41
2009-06-01,4.31,0.41
2009-05-29,4.39,0.42
2009-05-28,4.34,0.42
2009-05-27,4.24,0.42
2009-05-26,4.31,0.41
2009-05-22,4.30,0.41
2009-05-21,4.28,0.45
2009-05-20,4.28,0.41
2009-05-19,4.27,0.40
2009-05-18,4.24,0.43
2009-05-15,4.23,0.43
2009-05-14,4.17,0.50
2009-05-13,4.15,0.48
2009-05-12,4.13,0.52
2009-05-11,4.13,0.48
2009-05-08,4.13,0.53
2009-05-07,4.08,0.49
2009-05-06,4.09,0.37
2009-05-05,4.09,0.40
2009-05-04,4.03,0.35
2009-05-01,3.96,0.37
2009-04-30,3.92,0.32
2009-04-29,3.90,0.35
2009-04-28,3.88,0.36
2009-04-27,3.88,0.37
2009-04-24,3.88,0.38
2009-04-23,3.89,0.40
2009-04-22,3.84,0.40
2009-04-21,3.81,0.39
2009-04-20,3.77,0.43
2009-04-17,3.85,0.45
2009-04-16,3.84,0.40
2009-04-15,3.86,0.40
2009-04-14,3.81,0.43
2009-04-13,3.81,0.47
2009-04-09,3.82,0.56
2009-04-08,3.81,0.52
2009-04-07,3.84,0.72
2009-04-06,3.90,0.19
2009-04-03,3.90,0.17
2009-04-02,3.87,0.19
2009-04-01,3.77,0.19
2009-03-31,3.75,0.18
2009-03-30,3.69,0.21
2009-03-27,3.85,0.15
2009-03-26,3.80,0.17
2009-03-25,3.75,0.17
2009-03-24,3.78,0.15
2009-03-23,3.76,0.15
2009-03-20,3.71,0.16
2009-03-19,3.67,0.17
2009-03-18,3.47,0.17
2009-03-17,3.29,0.17
2009-03-16,3.25,0.18
2009-03-13,3.20,0.17
2009-03-12,3.20,0.19
2009-03-11,3.25,0.17
2009-03-10,3.09,0.13
2009-03-09,2.93,0.13
2009-03-06,2.99,0.15
2009-03-05,2.98,0.14
2009-03-04,3.18,0.15
2009-03-03,2.97,0.16
2009-03-02,3.01,0.15
2009-02-27,3.29,0.16
2009-02-26,3.29,0.15
2009-02-25,3.36,0.18
2009-02-24,3.28,0.17
2009-02-23,3.17,0.15
2009-02-20,3.36,0.16
2009-02-19,3.53,0.17
2009-02-18,3.48,0.17
2009-02-17,3.55,0.18
2009-02-13,3.67,0.19
2009-02-12,3.62,0.20
2009-02-11,3.72,0.19
2009-02-10,3.68,0.16
2009-02-09,3.71,0.19
2009-02-06,3.65,0.19
2009-02-05,3.58,0.19
2009-02-04,3.58,0.17
2009-02-03,3.58,0.18
2009-02-02,3.51,0.20
2009-01-30,3.57,0.19
2009-01-29,3.62,0.20
2009-01-28,3.62,0.16
2009-01-27,3.62,0.28
2009-01-26,3.60,0.26
2009-01-23,3.53,0.25
2009-01-22,3.50,0.21
2009-01-21,3.53,0.23
2009-01-20,3.52,0.25
2009-01-16,3.53,0.26
2009-01-15,3.45,0.26
2009-01-14,3.43,0.27
2009-01-13,3.55,0.29
2009-01-12,3.60,0.30
2009-01-09,3.65,0.33
2009-01-08,3.59,0.40
2009-01-07,3.51,0.35
2009-01-06,3.73,0.27
2009-01-05,3.57,0.18
2009-01-02,3.46,0.16
2008-12-31,3.30,0.18
2008-12-30,3.34,0.16
2008-12-29,3.35,0.17
2008-12-26,3.39,0.15
2008-12-24,3.26,0.15
2008-12-23,3.34,0.14
2008-12-22,3.24,0.14
2008-12-19,3.17,0.13
2008-12-18,3.29,0.16
2008-12-17,3.24,0.19
2008-12-16,3.13,0.14
2008-12-15,3.01,0.17
2008-12-12,2.96,0.22
2008-12-11,2.93,0.32
2008-12-10,2.91,0.34
2008-12-09,2.83,0.34
2008-12-08,2.84,0.34
2008-12-05,2.86,0.30
2008-12-04,2.86,0.25
2008-12-03,2.90,0.24
2008-12-02,2.77,0.27
2008-12-01,2.71,0.27
2008-11-28,2.80,0.34
2008-11-26,2.95,0.30
2008-11-25,2.74,0.31
2008-11-24,2.54,0.34
2008-11-21,2.39,0.26
2008-11-20,2.42,0.39
2008-11-19,2.74,0.39
2008-11-18,2.85,0.35
2008-11-17,2.94,0.42
2008-11-14,2.98,0.46
2008-11-13,2.98,0.44
2008-11-12,3.00,0.42
2008-11-11,3.16,0.42
2008-11-10,3.22,0.49
2008-11-07,3.19,0.40
2008-11-06,3.25,0.49
2008-11-05,3.36,0.50
2008-11-04,3.44,0.50
2008-11-03,3.29,0.50
2008-10-31,3.12,0.50
2008-10-30,3.19,0.50
2008-10-29,3.16,0.45
2008-10-28,3.03,0.45
2008-10-27,2.93,0.32
2008-10-24,2.94,0.37
2008-10-23,3.01,0.26
2008-10-22,3.10,0.50
2008-10-21,3.32,0.50
2008-10-20,3.38,0.51
2008-10-17,3.17,0.49
2008-10-16,3.10,0.42
2008-10-15,3.02,0.48
2008-10-14,3.22,0.44
2008-10-13,3.08,0.41
2008-10-10,2.67,0.47
2008-10-09,2.86,0.50
2008-10-08,3.05,0.47
2008-10-07,3.16,0.40
2008-10-06,3.26,0.50
2008-10-03,3.57,0.50
2008-10-02,3.60,0.53
2008-10-01,3.74,0.55
2008-09-30,3.71,0.59
2008-09-29,3.71,0.55
2008-09-26,3.93,0.65
2008-09-25,4.01,0.60
2008-09-24,3.93,0.60
2008-09-23,3.95,0.67
2008-09-22,4.09,0.60
2008-09-19,3.98,0.65
2008-09-18,3.69,0.65
2008-09-17,3.54,0.69
2008-09-16,3.63,0.56
2008-09-15,3.73,0.65
2008-09-12,3.75,0.67
2008-09-11,3.73,0.70
2008-09-10,3.84,0.74
2008-09-09,3.93,0.76
2008-09-08,4.05,0.71
2008-09-05,4.02,0.70
2008-09-04,4.11,0.70
2008-09-03,4.18,0.74
2008-09-02,4.20,0.79
2008-08-29,4.25,0.71
2008-08-28,4.24,0.72
2008-08-27,4.26,0.65
2008-08-26,4.29,0.68
2008-08-25,4.29,0.67
2008-08-22,4.32,0.79
2008-08-21,4.30,0.77
2008-08-20,4.28,0.80
2008-08-19,4.29,0.70
2008-08-18,4.26,0.71
2008-08-15,4.29,0.74
2008-08-14,4.33,0.66
2008-08-13,4.28,0.72
2008-08-12,4.27,0.74
2008-08-11,4.22,0.71
2008-08-08,4.26,0.64
2008-08-07,4.32,0.75
2008-08-06,4.38,0.67
2008-08-05,4.39,0.70
2008-08-04,4.41,0.69
2008-08-01,4.43,0.68
2008-07-31,4.39,0.75
2008-07-30,4.39,0.75
2008-07-29,4.46,0.80
2008-07-28,4.39,0.75
2008-07-25,4.39,0.71
2008-07-24,4.40,0.71
2008-07-23,4.44,0.72
2008-07-22,4.49,0.84
2008-07-21,4.47,0.77
2008-07-18,4.41,0.76
2008-07-17,4.38,0.75
2008-07-16,4.36,0.75
2008-07-15,4.37,0.77
2008-07-14,4.42,0.80
2008-07-11,4.41,0.78
2008-07-10,4.45,0.82
2008-07-09,4.38,0.82
2008-07-08,4.34,0.70
2008-07-07,4.36,0.72
2008-07-03,4.37,0.75
2008-07-02,4.37,0.79
2008-07-01,4.39,0.75
2008-06-30,4.37,0.76
2008-06-27,4.45,0.76
2008-06-26,4.43,0.76
2008-06-25,4.45,0.80
2008-06-24,4.45,0.76
2008-06-23,4.46,0.77
2008-06-20,4.40,0.75
2008-06-19,4.46,0.79
2008-06-18,4.48,0.82
2008-06-17,4.43,0.83
2008-06-16,4.39,0.82
2008-06-13,4.36,0.83
2008-06-12,4.49,0.84
2008-06-11,4.51,0.83
2008-06-10,4.56,0.90
2008-06-09,4.58,0.81
2008-06-06,4.59,0.80
2008-06-05,4.57,0.82
2008-06-04,4.55,0.82
2008-06-03,4.56,0.83
2008-06-02,4.58,0.90
2008-05-30,4.58,0.90
2008-05-29,4.62,0.90
2008-05-28,4.58,0.94
2008-05-27,4.55,0.94
2008-05-23,4.53,0.95
2008-05-22,4.50,1.00
2008-05-21,4.51,1.00
2008-05-20,4.54,1.03
2008-05-19,4.52,1.10
2008-05-16,4.49,1.11
2008-05-15,4.47,1.22
2008-05-14,4.47,1.33
2008-05-13,4.48,1.27
2008-05-12,4.49,1.17
2008-05-09,4.47,0.96
2008-05-08,4.47,0.86
2008-05-07,4.47,0.85
2008-05-06,4.46,0.80
2008-05-05,4.46,0.84
2008-05-02,4.49,0.78
2008-05-01,4.46,0.82
2008-04-30,4.47,0.84
2008-04-29,4.45,0.82
2008-04-28,4.48,0.84
2008-04-25,4.45,0.83
2008-04-24,4.48,0.87
2008-04-23,4.47,0.91
2008-04-22,4.46,0.89
2008-04-21,4.46,0.89
2008-04-18,4.44,0.85
2008-04-17,4.46,0.88
2008-04-16,4.46,0.88
2008-04-15,4.46,0.85
2008-04-14,4.49,0.90
2008-04-11,4.45,0.95
2008-04-10,4.44,0.85
2008-04-09,4.44,0.86
2008-04-08,4.45,0.85
2008-04-07,4.44,0.85
2008-04-04,4.44,0.90
2008-04-03,4.44,0.90
2008-04-02,4.42,0.91
2008-04-01,4.41,0.90
2008-03-31,4.43,0.97
2008-03-28,4.42,0.92
2008-03-27,4.41,0.95
2008-03-26,4.41,0.96
2008-03-25,4.46,0.91
2008-03-24,4.42,0.90
2008-03-20,4.35,0.88
2008-03-19,4.33,0.88
2008-03-18,4.37,0.91
2008-03-17,4.35,1.09
2008-03-14,4.42,1.10
2008-03-13,4.41,0.99
2008-03-12,4.40,0.89
2008-03-11,4.38,0.91
2008-03-10,4.35,1.00
2008-03-07,4.40,1.20
2008-03-06,4.39,1.45
2008-03-05,4.40,1.50
2008-03-04,4.40,1.39
2008-03-03,4.43,1.21
2008-02-29,4.44,1.20
2008-02-28,4.45,1.14
2008-02-27,4.43,1.13
2008-02-26,4.33,1.14
2008-02-25,4.28,1.12
2008-02-22,4.24,1.02
2008-02-21,4.25,1.06
2008-02-20,4.26,1.20
2008-02-19,4.28,1.20
2008-02-15,4.27,1.23
2008-02-14,4.22,1.23
2008-02-13,4.33,1.22
2008-02-12,4.35,1.21
2008-02-11,4.36,1.23
2008-02-08,4.36,1.25
2008-02-07,4.34,1.31
2008-02-06,4.31,1.35
2008-02-05,4.31,1.20
2008-02-04,4.34,1.52
2008-02-01,4.27,1.55
2008-01-31,4.26,1.70
2008-01-30,4.26,1.75
2008-01-29,4.25,1.91
2008-01-28,4.23,4.01
2008-01-25,4.21,4.50
2008-01-24,4.23,4.26
2008-01-23,4.17,4.58
2008-01-22,4.09,4.47
2008-01-18,4.18,5.04
2008-01-17,4.21,5.04
2008-01-16,4.25,5.14
2008-01-15,4.25,5.10
2008-01-14,4.25,5.20
2008-01-11,4.22,5.20
2008-01-10,4.21,5.14
2008-01-09,4.19,5.17
2008-01-08,4.15,5.05
2008-01-07,4.16,5.10
2008-01-04,4.14,5.13
2008-01-03,4.16,5.15
2008-01-02,4.13,5.15
2007-12-31,4.07,5.12
2007-12-28,4.09,5.15
2007-12-27,4.09,5.00
2007-12-26,4.12,5.02
2007-12-24,4.06,5.02
2007-12-21,3.98,5.05
2007-12-20,3.92,5.01
2007-12-19,3.95,5.15
2007-12-18,4.03,5.03
2007-12-17,4.01,5.11
2007-12-14,4.14,5.09
2007-12-13,4.17,5.21
2007-12-12,4.21,5.18
2007-12-11,4.18,5.16
2007-12-10,4.17,5.22
2007-12-07,4.16,5.43
2007-12-06,4.15,5.25
2007-12-05,4.17,5.43
2007-12-04,4.19,5.52
2007-12-03,4.23,5.59
2007-11-30,4.17,5.51
2007-11-29,4.14,5.60
2007-11-28,4.17,5.47
2007-11-27,4.14,5.46
2007-11-26,4.14,5.24
2007-11-23,4.16,5.24
2007-11-21,4.17,5.20
2007-11-20,4.18,5.40
2007-11-19,4.16,5.73
2007-11-16,4.17,5.66
2007-11-15,4.16,5.65
2007-11-14,4.17,5.76
2007-11-13,4.18,5.15
2007-11-12,4.18,5.38
2007-11-09,4.25,5.35
2007-11-08,4.32,5.66
2007-11-07,4.34,5.69
2007-11-06,4.34,5.75
2007-11-05,4.34,5.70
2007-11-02,4.34,5.85
2007-11-01,4.35,5.70
2007-10-31,4.36,5.97
2007-10-30,4.34,6.15
2007-10-29,4.34,6.25
2007-10-26,4.33,6.65
2007-10-25,4.32,6.75
2007-10-24,4.31,6.95
2007-10-23,4.31,5.97
2007-10-22,4.27,5.70
2007-10-19,4.29,5.53
2007-10-18,4.28,5.16
2007-10-17,4.31,5.24
2007-10-16,4.33,5.88
2007-10-15,4.33,6.30
2007-10-12,4.32,6.35
2007-10-11,4.31,6.30
2007-10-10,4.31,6.25
2007-10-09,4.31,6.10
2007-10-08,4.33,6.50
2007-10-05,4.32,6.70
2007-10-04,4.33,6.84
2007-10-03,4.34,6.90
2007-10-02,4.32,6.90
2007-10-01,4.34,7.01
2007-09-28,4.31,6.73
2007-09-27,4.32,6.69
2007-09-26,4.28,6.80
2007-09-25,4.29,7.00
2007-09-24,4.29,7.11
2007-09-21,4.29,6.90
2007-09-20,4.27,6.80
2007-09-19,4.25,6.80
2007-09-18,4.26,6.72
2007-09-17,4.23,6.86
2007-09-14,4.22,6.99
2007-09-13,4.18,6.98
2007-09-12,4.17,6.92
2007-09-11,4.18,6.80
2007-09-10,4.14,6.85
2007-09-07,4.14,6.76
2007-09-06,4.12,6.42
2007-09-05,4.10,6.16
2007-09-04,4.12,6.00
2007-08-31,4.08,5.98
2007-08-30,4.03,5.90
2007-08-29,4.05,5.89
2007-08-28,4.02,5.81
2007-08-27,4.09,6.15
2007-08-24,4.13,6.15
2007-08-23,4.09,6.17
2007-08-22,4.07,6.67
2007-08-21,4.09,6.40
2007-08-20,4.01,6.25
2007-08-17,3.98,6.00
2007-08-16,4.02,5.85
2007-08-15,3.95,6.00
2007-08-14,4.00,6.86
2007-08-13,4.19,6.32
2007-08-10,4.17,6.85
2007-08-09,4.19,7.20
2007-08-08,4.24,7.31
2007-08-07,4.20,7.43
2007-08-06,4.19,7.31
2007-08-03,4.20,7.13
2007-08-02,4.19,7.40
2007-08-01,4.21,7.35
2007-07-31,4.28,7.83
2007-07-30,4.30,7.35
2007-07-27,4.37,7.05
2007-07-26,4.34,6.80
2007-07-25,4.43,7.16
2007-07-24,4.42,7.09
2007-07-23,4.39,6.90
2007-07-20,4.39,6.00
2007-07-19,4.39,5.49
2007-07-18,4.39,5.35
2007-07-17,4.39,5.18
2007-07-16,4.36,4.90
2007-07-13,4.37,4.47
2007-07-12,4.40,4.48
2007-07-11,4.37,4.45
2007-07-10,4.37,4.60
2007-07-09,4.37,4.64
2007-07-06,4.36,4.50
2007-07-05,4.33,4.50
2007-07-03,4.34,4.50
2007-07-02,4.37,4.50
2007-06-29,4.33,4.80
2007-06-28,4.31,4.50
2007-06-27,4.31,4.20
2007-06-26,4.30,4.00
2007-06-25,4.30,4.00
2007-06-22,4.29,3.90
2007-06-21,4.32,4.00
2007-06-20,4.33,4.20
2007-06-19,4.34,4.00
2007-06-18,4.32,4.00
2007-06-15,4.28,3.90
2007-06-14,4.26,4.00
2007-06-13,4.26,3.80
2007-06-12,4.25,3.80
2007-06-11,4.27,3.90
2007-06-08,4.30,4.00
2007-06-07,4.32,4.10
2007-06-06,4.38,4.15
2007-06-05,4.38,4.30
2007-06-04,4.38,4.40
2007-06-01,4.38,4.40
2007-05-31,4.37,4.40
2007-05-30,4.36,4.45
2007-05-29,4.36,4.55
2007-05-25,4.33,4.25
2007-05-24,4.33,4.15
2007-05-23,4.35,4.85
2007-05-22,4.33,4.70
2007-05-21,4.35,4.75
2007-05-18,4.37,4.65
2007-05-17,4.37,5.00
2007-05-16,4.41,4.31
2007-05-15,4.43,4.60
2007-05-14,4.45,4.80
2007-05-11,4.45,5.20
2007-05-10,4.43,5.26
2007-05-09,4.43,5.60
2007-05-08,4.39,6.00
2007-05-07,4.39,6.00
2007-05-04,4.39,5.95
2007-05-03,4.39,6.05
2007-05-02,4.37,6.20
2007-05-01,4.41,6.40
2007-04-30,4.43,7.05
2007-04-27,4.41,7.20
2007-04-26,4.40,6.90
2007-04-25,4.40,7.40
2007-04-24,4.39,7.50
2007-04-23,4.38,7.50
2007-04-20,4.37,7.95
2007-04-19,4.36,7.23
2007-04-18,4.38,6.84
2007-04-17,4.38,6.00
2007-04-16,4.36,6.00
2007-04-13,4.33,5.10
2007-04-12,4.34,5.55
2007-04-11,4.34,5.55
2007-04-10,4.32,5.40
2007-04-09,4.32,4.80
2007-04-05,4.28,4.95
2007-04-04,4.28,4.95
2007-04-03,4.28,4.95
2007-04-02,4.28,4.80
2007-03-30,4.26,4.35
2007-03-29,4.28,4.20
2007-03-28,4.26,4.35
2007-03-27,4.27,4.35
2007-03-26,4.27,4.59
2007-03-23,4.23,4.80
2007-03-22,4.23,3.90
2007-03-21,4.23,3.93
2007-03-20,4.21,3.75
2007-03-19,4.20,3.90
2007-03-16,4.17,4.02
2007-03-15,4.16,4.05
2007-03-14,4.14,3.87
2007-03-13,4.13,4.08
2007-03-12,4.18,3.90
2007-03-09,4.15,3.75
2007-03-08,4.13,4.02
2007-03-07,4.11,4.02
2007-03-06,4.11,4.05
2007-03-05,4.13,3.75
2007-03-02,4.17,4.05
2007-03-01,4.17,4.29
2007-02-28,4.19,4.20
2007-02-27,4.19,3.72
2007-02-26,4.21,3.75
2007-02-23,4.18,3.66
2007-02-22,4.18,3.87
2007-02-21,4.17,3.18
2007-02-20,4.16,3.15
2007-02-16,4.14,3.66
2007-02-15,4.14,3.87
2007-02-14,4.13,4.05
2007-02-13,4.11,16.53
2007-02-12,4.09,17.34
2007-02-09,4.09,17.55
2007-02-08,4.10,17.55
2007-02-07,4.09,18.00
2007-02-06,4.09,17.04
2007-02-05,4.07,16.98
2007-02-02,4.09,16.65
2007-02-01,4.10,16.65
2007-01-31,4.10,17.25
2007-01-30,4.10,17.10
2007-01-29,4.09,12.00
2007-01-26,4.09,12.30
2007-01-25,4.08,12.30
2007-01-24,4.09,14.25
2007-01-23,4.09,15.00
2007-01-22,4.08,16.20
2007-01-19,4.07,18.15
2007-01-18,4.06,15.75
2007-01-17,4.07,20.25
2007-01-16,4.04,21.00
2007-01-12,4.04,21.00
2007-01-11,4.05,21.75
2007-01-10,4.04,21.39
2007-01-09,4.08,22.53
2007-01-08,4.08,22.50
2007-01-05,4.08,19.95
2007-01-04,4.09,21.00
2007-01-03,4.08,19.20
2006-12-29,4.08,17.25
2006-12-28,4.10,12.18
2006-12-27,4.10,12.75
2006-12-26,4.09,12.30
2006-12-22,4.10,12.30
2006-12-21,4.09,13.50
2006-12-20,4.11,12.03
2006-12-19,4.10,12.00
2006-12-18,4.09,12.00
